V1;V2;V3;V4;V5;V6;V7;V8;V9;V10;V11;V12;V13;V14;V15;V16;V17;V18;V19;V20;V21;V22;V23;V24;V25;V26;V27;V28;V29;V30;V31;V32;V33;V34;V35;V36;V37;V38;V39;V40;V41;V42;V43;V44;V45;V46;V47;V48;V49;V50;V51;V52;V53;V54;V55;V56;V57;V58;V59;V60;V61;V62;V63;V64;V65;V66;V67;V68;V69;V70;V71;V72;V73;V74;V75;V76;V77;V78;V79;V80;V81;V82;V83;V84;V85;V86;V87;V88;V89;V90;V91;V92;V93;V94;V95;V96;V97;V98;V99;V100;V101;V102;V103;V104;V105;V106;V107;V108;V109;V110;V111;V112;V113;V114;V115;V116;V117;V118;V119;V120;V121;V122;V123;V124;V125;V126;V127;V128;V129;V130;V131;V132;V133;V134;V135;V136;V137;V138;V139;V140;V141;V142;V143;V144;V145;V146;V147;V148;V149;V150;V151;V152;V153;V154;V155;V156;V157;V158;V159;V160;V161;V162;V163;V164;V165;V166;V167;V168;V169;V170;V171;V172;V173;V174;V175;V176;V177;V178;V179;V180;V181;V182;V183;V184;V185;V186;V187;V188;V189;V190;V191;V192;V193;V194;V195;V196;V197;V198;V199;V200;V201;V202;V203;V204;V205;V206;V207;V208;V209;V210;V211;V212;V213;V214;V215;V216;V217;V218;V219;V220;V221;V222;V223;V224;V225;V226;V227;V228;V229;V230;V231;V232;V233;V234;V235;V236;V237;V238;V239;V240;V241;V242;V243;V244;V245;V246;V247;V248;V249;V250;V251;V252;V253;V254;V255;V256;V257;V258;V259;V260;V261;V262;V263;V264;V265;V266;V267;V268;V269;V270;V271;V272;V273;V274;V275;V276;V277
P1;4730;4553;4303;3936;3852;3632;3749;3623;3609;4124;4345;4655;4720;4360;4372;3899;3673;3578;3651;3507;3634;4121;4274;4559;4601;4405;4577;3865;3597;3533;3685;3598;3792;4070;4500;4616;4588;4345;4342;3924;3766;3685;3646;3612;3751;4146;4250;4687;4974;4227;4642;3999;3883;3772;3761;3707;3918;4083;4609;4835;5142;4934;4825;4171;3918;3806;3956;3813;4124;4492;4497;4981;5286;4529;4658;4442;4012;4000;4086;3966;4118;4681;4777;4984;5082;4549;4935;4339;4146;4058;4180;4073;4313;4674;4917;5255;5209;4932;4915;4419;4270;4247;4352;4222;4318;4652;5086;5391;5607;5133;5267;4597;4512;4354;4509;4451;4597;4952;5119;5415;5723;5096;5362;4808;4627;4460;4641;4509;4739;5136;5466;5853;6262;5047;5161;4799;4372;4380;4544;4301;4702;5336;5815;5704;5916;5513;5444;4797;4492;4432;4671;4501;4642;5325;5211;5566;6240;5841;6122;5409;5233;5240;5281;4983;5244;5537;5954;6215;5339;5051;5218;5180;5023;4994;5063;4846;5012;5432;5805;6211;6407;5757;5704;5266;5240;5154;5273;5130;5188;5561;5766;6054;6266;5520;5896;5194;5298;5199;5341;5179;5331;5865;6058;6292;6356;5879;6064;5603;5363;5345;5448;5244;5484;5764;5762;6066;6258;5637;5865;5009;5025;4966;5188;4991;5211;5646;5718;6121;6348;5752;6030;5342;5301;5264;5393;5243;5399;5798;5903;6551;6417;5849;6163;5348;5423;5193;5396;5383;5447;5754;5990;6204;6348;6353;6062;5444;5406;5323;5475;5397;5377;5835;5926;6314;6541;5974;6269;5587;5395;5337;5514;5340;5437;5900;6051;6264
P2;1251;1047;1160;1141;979;943;846;776;749;965;1325;1428;1013;922;941;829;790;769;802;810;795;950;951;1058;1037;983;988;882;832;909;841;856;824;917;1037;1085;1118;976;986;847;852;837;853;861;840;907;963;1069;1024;890;952;851;869;842;889;874;865;985;1016;1114;1093;998;1012;911;908;888;928;939;835;983;993;1087;1100;935;963;816;831;813;863;879;846;939;961;1055;1073;977;1015;911;898;875;929;944;913;1031;1001;1158;1155;1038;1075;938;939;908;967;984;925;1014;1086;1157;1161;1135;1020;957;934;913;976;983;921;990;993;1139;1111;1009;1060;946;920;904;967;978;921;1002;1030;1168;;;;;;;;;;;;;;;;;;;;;;;;;;;;;;;;;;;;;;;;;;;;;;;;;;;;;;;;;;;;;;;;;;;;;;;;;;;;;;;;;;;;;;;;;;;;;;;;;;;;;;;;;;;;;;;;;;;;;;;;;;;;;;;;;;;;;;;;;;;;;;;;
P3;6157;5802;5623;5255;5200;5024;4608;4733;5062;5744;5924;6166;6423;5894;5992;5535;5219;5121;4746;5022;5371;6053;5915;6150;6289;5871;6092;5508;5273;5245;4765;5017;5521;6074;6224;6449;6531;6067;6417;5892;5572;5528;5031;5327;5827;6297;6248;6711;7002;6185;6715;6038;5900;5724;5242;5526;5819;6137;6374;6863;7072;6752;6807;5983;6007;5591;5361;5481;5932;6467;6693;7137;7536;6412;6634;6331;6046;5906;5645;5800;6059;6721;6798;7180;7327;6602;7091;6574;6290;6099;5840;5912;6377;6983;7098;7223;7171;6755;7128;6494;6212;6186;5873;6071;6366;7035;7237;7572;7552;7107;7422;6680;6714;6323;6167;6284;6563;7210;7323;7506;7906;7077;7602;6904;6628;6351;6152;6344;6620;7064;7301;7605;7823;7212;7341;6826;6761;6541;6395;6448;6711;7390;7343;7799;8209;7460;7516;7001;6860;6599;6517;6501;6838;7611;7481;7889;8173;7557;7857;7110;6956;6843;6604;6751;7066;7542;7686;8131;8164;7534;7844;7171;6993;6812;6481;6636;6981;7305;7769;8237;8498;7768;8261;7290;7234;7001;6906;6859;7121;7603;7741;8080;8332;7476;7950;7084;7174;7035;6874;7032;7140;7803;8012;8248;8466;7991;8095;7598;7332;7076;6950;6880;7204;7637;7425;7551;8029;7160;7189;6445;6522;6417;6344;6494;6819;7331;7206;7849;8403;7552;7892;7242;7200;7008;6876;6921;7106;7604;7821;8574;8748;7408;7818;7002;7103;6874;6602;6676;6732;7188;7276;7593;7911;7956;7487;6915;6764;6544;6276;6648;6527;7041;7306;7482;8037;7217;7797;6989;6824;6556;6582;6663;6746;7470;7737;7621
P4;3899;3770;3643;3000;2375;2342;2524;2518;2499;2968;3239;3917;3633;3457;3269;2662;2529;2440;2537;2527;2496;2743;3160;3564;3584;3420;3418;2780;2517;2492;2652;2629;2574;2964;3386;3667;3999;3530;3447;2735;2686;2630;2424;2485;2708;2642;3035;3351;3204;2971;3052;2562;2464;2438;2360;2339;2233;2768;3100;3635;3917;3295;2954;2637;2522;2459;2578;2584;2499;2722;2982;3304;3609;3076;3192;2533;2293;2274;2436;2369;2270;2578;2766;3180;3483;3048;3018;2440;2284;2021;2113;2239;2265;2739;2634;3253;3471;3102;3083;2573;2408;2325;2487;2459;2337;2713;3112;3163;3552;3574;2977;2334;2281;2285;2475;2391;2180;2387;2711;3316;3378;2911;2880;2421;2197;2330;2437;2482;2300;2636;2741;3358;;;;;;;;;;;;;;;;;;;;;;;;;;;;;;;;;;;;;;;;;;;;;;;;;;;;;;;;;;;;;;;;;;;;;;;;;;;;;;;;;;;;;;;;;;;;;;;;;;;;;;;;;;;;;;;;;;;;;;;;;;;;;;;;;;;;;;;;;;;;;;;;
P5;4927;4727;4457;4185;4090;3805;3637;3697;3847;4391;4670;4903;5088;4973;4693;4158;3938;3733;3704;3741;3923;4432;4500;4738;4798;4555;4777;3992;3803;3772;3659;3689;3950;4371;4774;4788;4820;4514;4437;4177;3911;3883;3638;3707;3984;4311;4443;4722;5158;4379;4814;4045;4001;3882;3710;3756;4030;4199;4682;4911;5075;4928;4764;4109;3964;3770;3738;3733;4148;4373;4850;4930;5225;4533;4521;4235;3984;3854;3810;3815;4040;4515;4791;5004;5106;4608;4822;4289;4038;3980;3867;3893;4202;4472;4955;5142;5189;4996;5038;4447;4147;3999;3920;4017;4282;4611;5104;5306;5474;5021;5084;4427;4434;4173;4142;4229;4369;4791;5126;5131;5514;4955;5226;4715;4501;4286;4341;4322;4509;4803;5233;5495;5748;4977;5152;4762;4611;4380;4342;4349;4561;5019;5146;5406;5722;5381;5217;4729;4459;4502;4433;4435;4554;5106;5200;5523;5773;5333;5540;4776;4646;4534;4446;4510;4645;5024;5383;5777;6004;5593;5612;5065;4826;4782;4703;4723;4916;5221;5532;6070;6221;5586;5968;4987;4930;4792;4718;4692;4914;5145;5468;5802;5856;5317;5672;4817;4920;4824;4730;4763;4918;5400;5816;6027;6061;5611;5732;5373;4979;4907;4855;4807;5077;5392;5642;5998;6297;5611;5710;4797;4765;4675;4727;4744;4846;5291;5512;6037;6329;5698;5968;5107;5096;4946;4919;4898;5023;5519;5797;6409;6298;5682;5910;4927;5084;4792;4797;4869;4946;5370;5722;6042;6234;6329;5654;5106;4916;4797;4770;4828;4886;5447;5696;6094;6272;5916;5985;5241;5056;4824;4813;4755;4845;5289;5767;6088
P6;437;393;379;341;381;448;549;620;507;411;365;404;446;407;411;347;378;436;492;492;440;358;350;391;446;386;358;303;343;417;540;505;426;363;301;330;353;296;300;279;331;368;452;463;376;318;288;362;;;;;;;;;;;;;;;;;;;;;;;;;;;;;;;;;;;;;;;;;;;;;;;;;;;;;;;;;;;;;;;;;;;;;;;;;;;;;;;;;;;;;;;;;;;;;;;;;;;;;;;;;;;;;;;;;;;;;;;;;;;;;;;;;;;;;;;;;;;;;;;;;;;;;;;;;;;;;;;;;;;;;;;;;;;;;;;;;;;;;;;;;;;;;;;;;;;;;;;;;;;;;;;;;;;;;;;;;;;;;;;;;;;;
P7;5710;5165;5466;4568;4188;3940;3809;3892;4302;4947;5486;5676;5598;5279;5225;4429;4128;3867;3628;3801;3970;4708;5287;5519;5802;5233;5434;4478;4167;4061;3909;4099;4295;4832;5187;5477;5895;5175;5535;4908;4309;4196;3955;4145;4440;4868;5514;5749;5984;5067;5361;4799;4312;4092;4076;4077;4382;5182;5358;5832;6066;5617;5497;4927;4349;4187;4171;4210;4406;5320;5422;5721;6153;5576;5796;4919;4732;4401;4222;4343;4567;5179;5633;5930;6042;5736;5916;5013;4821;4518;4359;4479;4654;5254;5816;6085;6641;5882;6190;5123;4872;4724;4541;4688;4724;5326;5775;5822;6055;5534;5884;5071;5009;4777;4671;4788;4933;5636;6123;6182;6342;5874;6014;5499;5110;4784;4819;4761;5081;5533;5636;5688;6283;5562;5718;4629;4599;4499;4483;4510;4648;5357;5479;5831;6277;5640;5806;5046;4963;4687;4568;4679;4860;5417;5539;6254;6160;5685;5790;4966;4975;4683;4564;4754;4713;5312;5717;5717;6029;6176;5595;5088;4879;4652;4595;4683;4713;5381;5512;5725;6117;5517;5915;5101;4842;4635;4556;4668;4815;5319;5573;5651;;;;;;;;;;;;;;;;;;;;;;;;;;;;;;;;;;;;;;;;;;;;;;;;;;;;;;;;;;;;;;;;;;;;;;;;;;;;;;;;;;;;
P8;42960;40635;39147;37131;35837;34338;33659;32965;34676;39053;40689;41376;43404;40458;40979;37025;34606;33124;34067;32558;35274;39826;39933;40496;41587;39476;41395;35679;33503;33182;32835;32908;35701;38720;41557;41585;41663;39067;40734;36476;34983;34207;33728;34026;35958;38838;39678;41513;44030;38115;41930;36389;36073;34129;33867;34081;41414;43930;48013;50155;52421;49450;49554;42957;42128;39396;40361;40148;42574;46309;47863;50603;54036;45820;46349;45777;41693;41138;41723;40357;42298;47508;49192;50231;50898;46330;49932;44737;42816;41496;43049;41998;44305;48186;50412;51470;47002;44597;46488;41164;39623;38800;39308;39217;40624;44320;46923;48932;49541;46272;47985;42178;42548;39286;40869;40033;42436;45615;46923;47628;50795;44411;48465;43492;43081;39169;41007;41078;41685;44790;47159;47481;50536;43691;47408;43885;42819;39961;40725;40119;42027;45132;46645;47818;51972;48079;47640;43901;42905;40763;42115;41465;42997;46742;47311;48136;51017;47312;49694;43871;43291;42319;43535;42234;43060;46883;49159;50298;50927;48766;49467;45074;43240;43598;43805;43010;43081;46034;49063;50306;52891;49124;51141;44741;43565;43178;45224;43645;42926;45998;48617;48028;52511;47759;50293;44479;43023;44017;45204;44619;42259;46728;47942;47065;52096;49868;48947;46639;43024;44131;46350;44225;43347;46525;46428;45582;50809;46262;47275;40269;40591;41487;42644;40177;40628;45411;45458;45846;51096;48572;48685;42082;42788;44736;44225;42872;41299;46749;46869;47449;51756;49519;48292;43412;42829;43093;43307;41915;41125;45668;44922;48429;49492;50031;47798;41379;41662;43868;43589;40570;41442;46127;44878;49031;48611;46425;48665;42148;41755;40796;42477;41891;42697;44571;45651;44871
P9;3507;3112;3197;2723;2742;2655;2573;2683;2762;2960;3180;3546;3397;2890;3139;2652;2727;2553;2527;2749;2759;2895;3014;3156;3263;3152;2980;2694;2653;2566;2378;2692;2672;2953;3002;3263;3336;2922;3094;2690;2590;1723;2456;2435;2294;2829;2933;3048;;;;;;;;;;;;;;;;;;;;;;;;;;;;;;;;;;;;;;;;;;;;;;;;;;;;;;;;;;;;;;;;;;;;;;;;;;;;;;;;;;;;;;;;;;;;;;;;;;;;;;;;;;;;;;;;;;;;;;;;;;;;;;;;;;;;;;;;;;;;;;;;;;;;;;;;;;;;;;;;;;;;;;;;;;;;;;;;;;;;;;;;;;;;;;;;;;;;;;;;;;;;;;;;;;;;;;;;;;;;;;;;;;;;
P10;902;768;756;635;575;505;516;528;572;671;728;855;824;787;769;637;588;515;521;551;562;644;690;739;820;844;753;659;593;534;531;560;584;685;717;858;860;732;811;691;608;543;554;571;573;661;697;748;;;;;;;;;;;;;;;;;;;;;;;;;;;;;;;;;;;;;;;;;;;;;;;;;;;;;;;;;;;;;;;;;;;;;;;;;;;;;;;;;;;;;;;;;;;;;;;;;;;;;;;;;;;;;;;;;;;;;;;;;;;;;;;;;;;;;;;;;;;;;;;;;;;;;;;;;;;;;;;;;;;;;;;;;;;;;;;;;;;;;;;;;;;;;;;;;;;;;;;;;;;;;;;;;;;;;;;;;;;;;;;;;;;;
P11;14103;12902;12253;11805;12003;11681;12629;11149;12014;12477;12862;13296;14715;13366;13084;11933;11991;11503;12832;11395;12092;12377;12318;13020;13954;12687;13267;11612;11809;11930;12668;11484;11933;12572;13126;13601;14008;12946;12866;12338;12440;12726;13620;12380;12678;12603;12997;13968;14871;12847;14134;12564;13181;13229;13910;12838;12998;13136;13393;16052;14783;14418;14399;12745;13281;13588;14367;12997;13094;13717;14114;14725;15777;13310;13778;13849;13936;13901;14753;13830;14521;14628;14786;15817;16132;14558;15264;14577;14578;14985;16252;14691;15082;15213;15612;16986;17213;15923;16373;14897;15546;15993;17278;15565;15955;15904;17268;18078;18996;16683;17422;16171;16555;17129;17636;16630;17017;16976;17997;18259;19493;17564;18371;16508;17733;18160;18761;17817;17547;17781;18904;19987;20571;18059;18729;18066;18289;18496;19638;17645;18076;18788;19030;19718;21529;19986;19608;18105;18890;20120;21364;19950;19386;19964;20122;21446;21678;20761;21944;19488;19744;20668;22012;20253;20558;20402;21525;22502;23048;21540;21610;19558;19709;21055;22122;20060;20008;19756;21206;23079;23861;21633;22306;18958;20728;21264;23507;21024;21272;20800;20898;23198;24641;21586;22990;20595;21275;21502;23346;21596;21224;21725;23106;24200;24963;23530;22841;21919;21313;21477;23604;22083;21452;21464;22396;23859;24205;22064;21288;19318;19976;20916;23148;21811;21174;20873;21081;23015;23769;21881;22825;19934;20411;20448;23514;21431;20649;20408;21961;23378;23668;21414;22736;19254;20347;20742;22022;21592;21021;20337;20615;21877;24364;24241;22546;20602;21393;22049;23090;22958;21111;20967;21394;22514;23767;21666;22389;20624;20627;20341;23045;22050;20978;21026;21621;22943
P12;9283;8220;7885;6892;6518;5795;5941;6203;6400;7284;8052;8994;8839;8399;8142;6917;6525;5679;5896;6145;6175;6828;7234;7465;8516;8312;7762;6936;6336;5704;5845;6126;6264;7167;7478;8679;8698;7508;8388;7062;6280;5586;5893;6130;6255;7086;7397;7761;;;;;;;;;;;;;;;;;;;;;;;;;;;;;;;;;;;;;;;;;;;;;;;;;;;;;;;;;;;;;;;;;;;;;;;;;;;;;;;;;;;;;;;;;;;;;;;;;;;;;;;;;;;;;;;;;;;;;;;;;;;;;;;;;;;;;;;;;;;;;;;;;;;;;;;;;;;;;;;;;;;;;;;;;;;;;;;;;;;;;;;;;;;;;;;;;;;;;;;;;;;;;;;;;;;;;;;;;;;;;;;;;;;;
P13;37840;36461;31284;29755;28852;26445;27304;24648;26541;31497;34607;38476;40401;35803;34625;31539;27832;26832;27852;25445;27835;33211;32912;37090;37368;35364;35245;30577;27995;27373;28096;25695;28378;32331;36459;38216;38987;34808;33495;33321;28877;28554;29341;26857;29417;31747;32622;37612;41010;33743;37272;32173;30186;29437;29851;27855;28966;32205;35187;39238;40587;39725;37821;32991;31556;29188;30715;27644;30208;33821;36532;40764;43788;35214;33311;33248;30950;29877;31192;28887;30319;34603;35735;39302;41558;36826;37493;35362;31710;30928;32356;29091;31350;35701;39452;42168;41861;39109;38313;35325;31554;31532;32623;29647;31797;35634;40031;43439;45444;39938;39762;36906;33424;32059;33043;31317;32755;37176;40022;41196;44834;38951;39657;37301;34592;32917;33733;31765;34027;36410;41681;46982;46003;38316;38902;36378;34814;33263;34549;31185;33637;38230;39166;43867;48413;43741;39717;37706;34473;33875;35323;32267;34036;40833;40821;45817;48410;43871;45204;38549;35517;34056;34722;31777;34334;38215;43534;49049;49102;46184;45315;38651;35318;34581;34814;31883;34479;36904;43774;51395;52455;46634;46887;37424;34797;34002;34934;31390;33767;36305;41207;48558;47970;42458;44391;35810;34994;33892;34958;32852;34984;40868;46068;51063;49858;45267;46466;41621;35456;34829;35999;32951;35723;40689;44212;51428;54715;46517;44383;37437;34504;33897;35266;32925;34530;39617;41899;50703;56344;48707;48300;38629;37284;34574;36041;33068;35119;40817;46721;57688;53906;45967;45566;35432;35106;33784;34204;32722;34322;38012;41916;48301;51089;54476;43150;40172;35247;33201;34123;32229;33257;38626;44261;49605;53756;49722;49503;40269;36875;33034;34777;31639;33182;37048;45230;50109
P14;31080;29674;30146;24146;25000;24431;23976;23480;24141;26501;28995;32954;31310;27064;28122;23945;23991;23533;23686;23865;23935;25654;27119;29019;29704;28673;27453;25499;25199;22830;23628;23436;23346;26400;27425;29059;30493;27031;29712;25634;22913;22549;23699;22719;23248;25066;27147;27554;;;;;;;;;;;;;;;;;;;;;;;;;;;;;;;;;;;;;;;;;;;;;;;;;;;;;;;;;;;;;;;;;;;;;;;;;;;;;;;;;;;;;;;;;;;;;;;;;;;;;;;;;;;;;;;;;;;;;;;;;;;;;;;;;;;;;;;;;;;;;;;;;;;;;;;;;;;;;;;;;;;;;;;;;;;;;;;;;;;;;;;;;;;;;;;;;;;;;;;;;;;;;;;;;;;;;;;;;;;;;;;;;;;;
P15;2933;2630;2649;2425;2426;2635;2801;2651;2523;2594;2646;3019;3017;2879;2859;2475;2550;2651;2876;2905;2541;2660;2652;3003;2970;2786;2791;2482;2519;2813;3210;3098;2771;2707;2891;2988;2966;2818;2837;2622;2739;3032;3350;3283;2995;2876;2972;3289;3238;2829;3020;2720;2880;3189;3417;3230;2927;2983;3206;3327;3421;3143;3355;2819;3024;3190;3719;3419;2932;3031;3083;3303;3387;3144;3330;3067;3135;3399;3959;3374;3157;3280;3318;3562;3512;3170;3480;3118;3197;3547;4299;4033;3344;3340;3409;3843;3695;3372;3495;3506;3350;3813;4311;4025;3353;3475;3541;3868;4102;3697;3785;3410;3611;4128;4831;4358;3719;3621;3652;4070;4254;3777;3944;3603;3825;4325;5085;4708;4083;4056;4137;4675;4584;3831;4092;3938;3908;4535;5260;4465;3969;4036;4143;4670;4399;4357;4422;3996;4197;4585;5367;4874;4215;4163;4177;4719;4484;4074;4153;3763;3838;4220;5157;4726;4129;3968;4137;4572;4545;4197;4272;3987;4074;4379;5246;4813;4214;4109;4350;4690;4853;4284;4373;3833;4281;4573;5021;5181;4286;4176;4383;4744;4627;4244;4465;4016;4320;4893;5855;5170;4397;4380;4439;4882;4916;4540;4270;4105;4408;5015;5830;5340;4598;4286;4311;4691;4653;4270;4399;3893;4206;4649;5479;4822;4193;4186;4192;4550;4665;4107;4325;3913;4178;4569;5342;5447;4239;4140;4070;4556;4583;4157;4422;3866;3974;4235;5462;4862;4372;4109;4352;4521;4777;4422;4230;3165;3822;4542;5614;4936;3998;4003;3928;4627;4671;3262;4109;3186;3777;4285;4822;4746;3961;4045;3953;4751
P16;1049;930;1004;875;955;727;794;1005;985;1072;1256;1456;1374;1282;1245;1067;975;951;1025;1022;993;1080;1243;1416;1451;1268;1264;1046;997;1009;1073;1077;1027;1091;1135;1325;1360;1217;1230;1151;1037;1021;1122;1121;1089;1146;1324;1585;1547;1278;1268;1185;1081;1074;1189;1145;1098;1194;1217;1458;1480;1417;1358;1210;1105;1146;1232;1247;1134;1291;1305;1512;1562;1448;1458;1254;1179;1136;1269;1249;1208;1257;1372;1568;1576;1500;1497;1267;1226;1210;1324;1283;1255;1325;1446;1648;1682;1485;1566;1289;1273;1294;1423;1361;1089;1324;1431;1593;1555;1406;1485;1280;1319;1323;1485;1433;1326;1466;1570;1732;1681;1544;1570;1397;1353;1382;1513;1466;1409;1430;1475;1641;1624;1528;1554;1324;1333;1307;1481;1472;1338;1422;1474;1650;1683;1538;1579;1357;1344;1343;1539;1452;1345;1445;1452;1517;1657;1482;1553;1309;1337;1330;1482;1518;1375;1395;1474;1586;1610;1653;1405;1311;1298;1329;1536;1523;1317;1347;1368;1589;1566;1451;1524;1326;1292;1311;1492;1484;1307;1349;1401;1562;;;;;;;;;;;;;;;;;;;;;;;;;;;;;;;;;;;;;;;;;;;;;;;;;;;;;;;;;;;;;;;;;;;;;;;;;;;;;;;;;;;;
P17;3229;2905;3152;2777;2689;2585;2688;2614;2749;2990;3226;3306;3393;3051;3123;2767;2673;2623;2716;2667;2727;3028;3213;3301;3382;3102;3228;2788;2783;2752;2795;2846;2789;3005;3150;3238;3443;3034;3201;2957;2879;2754;2910;2847;2906;3153;3279;3422;3477;3049;3200;2975;2879;2890;3026;2885;2987;3237;3229;3356;3506;3241;3346;3050;2998;3053;3099;3119;3011;3303;3312;3380;3503;3253;3347;3025;2990;2934;3080;3014;3050;3253;3342;3430;3501;3273;3400;3114;3111;3081;3175;3098;3138;3338;3499;3586;3713;3349;3568;3149;3250;3254;3370;3210;3212;3430;3541;3583;3637;3291;3491;3207;3312;3364;3501;3365;3288;3558;3583;3692;3771;3490;3565;3362;3304;3322;3426;3307;3357;3496;3448;3436;3514;3141;3336;2895;2973;2942;3209;3049;3074;3251;3280;3362;3477;3182;3344;3050;3069;3121;3281;3106;3144;3345;3321;3536;3595;3337;3485;3161;3253;3186;3341;3244;3243;3386;3464;3447;3487;3428;3276;3054;3081;3146;3273;3182;3087;3236;3269;3382;3536;3169;3380;3130;3094;3094;3309;3175;3109;3333;3325;3378;;;;;;;;;;;;;;;;;;;;;;;;;;;;;;;;;;;;;;;;;;;;;;;;;;;;;;;;;;;;;;;;;;;;;;;;;;;;;;;;;;;;
P18;2624;2336;2432;2126;2095;1990;2041;2023;2069;2201;2399;2665;2545;2214;2331;2049;2095;1982;1991;2028;2009;2186;2260;2432;2384;2223;2222;2086;2091;1943;1982;1991;1982;2189;2270;2354;2413;2185;2376;2144;2093;1908;2022;2000;1997;2220;2239;2382;;;;;;;;;;;;;;;;;;;;;;;;;;;;;;;;;;;;;;;;;;;;;;;;;;;;;;;;;;;;;;;;;;;;;;;;;;;;;;;;;;;;;;;;;;;;;;;;;;;;;;;;;;;;;;;;;;;;;;;;;;;;;;;;;;;;;;;;;;;;;;;;;;;;;;;;;;;;;;;;;;;;;;;;;;;;;;;;;;;;;;;;;;;;;;;;;;;;;;;;;;;;;;;;;;;;;;;;;;;;;;;;;;;;
P19;1458;1327;1455;1376;1386;1323;1338;1351;1348;1414;1419;1484;1475;1335;1459;1361;1735;1325;1374;1383;1366;1437;1411;1492;1490;1415;1476;1383;1411;1339;1390;1406;1387;1465;1446;1510;1533;1401;1548;1452;1458;1383;1443;1448;1429;1506;1488;1558;;;;;;;;;;;;;;;;;;;;;;;;;;;;;;;;;;;;;;;;;;;;;;;;;;;;;;;;;;;;;;;;;;;;;;;;;;;;;;;;;;;;;;;;;;;;;;;;;;;;;;;;;;;;;;;;;;;;;;;;;;;;;;;;;;;;;;;;;;;;;;;;;;;;;;;;;;;;;;;;;;;;;;;;;;;;;;;;;;;;;;;;;;;;;;;;;;;;;;;;;;;;;;;;;;;;;;;;;;;;;;;;;;;;
P20;21627;20004;20518;19161;19963;19412;20922;16395;19949;21024;20822;21172;21890;20909;21578;19893;20069;20025;21010;17036;20152;21014;20667;20444;21259;20189;21898;19693;20260;20606;21031;17297;20536;21199;21292;21340;21528;20521;21799;20021;21142;21095;22185;18505;21389;21650;21621;22155;23127;21093;23007;20562;21685;21624;23044;18369;21622;22413;22493;22030;23059;22266;23065;20575;21769;21753;22727;18195;21421;22623;21885;21821;23114;21608;22489;22018;22568;22597;24146;19236;23454;23971;23412;23387;24026;22435;24155;22407;22932;23646;25077;19995;23338;23921;23839;23630;23832;22865;24521;22425;23421;23999;25472;20688;24343;24719;24599;24960;25231;24657;25607;23085;24747;25321;25992;21899;25250;25459;25455;25003;26481;24383;26381;23635;25610;25697;27090;22739;25129;26346;25706;25638;27582;24827;26008;24407;25805;26562;28160;22089;25779;26789;26291;26062;27405;25984;27203;24937;26315;27983;29769;24259;26355;27202;26583;26664;27523;26692;28105;25584;26322;26884;29417;24110;27605;27709;27612;27794;28239;27023;28179;26057;27059;27842;30005;24095;27845;27926;27998;28173;29592;27436;29507;25405;27475;28427;31554;24867;28276;28533;28434;28290;29234;27051;29107;26079;28294;28941;31409;25694;27969;29094;28565;28491;29808;28419;28495;27195;27692;28631;31753;26040;28846;28386;27267;26949;27487;25725;26909;24337;25990;26447;29846;25370;27153;27170;26779;27055;28164;26757;28462;25650;26501;27245;31490;24864;27176;27805;27612;28729;28588;26902;28828;25775;27434;27991;30222;26580;29205;27824;27662;27629;28424;27971;27637;25048;26449;27977;30955;27006;26775;27113;26192;26668;27531;25727;26978;24299;25665;26137;29937;25471;26072;26362;25668;26072
P21;946;798;796;731;741;703;750;773;760;839;848;970;982;908;910;795;816;781;812;828;815;868;899;948;966;965;917;824;770;780;826;845;829;913;920;997;1039;882;949;846;830;800;823;832;818;910;900;942;;;;;;;;;;;;;;;;;;;;;;;;;;;;;;;;;;;;;;;;;;;;;;;;;;;;;;;;;;;;;;;;;;;;;;;;;;;;;;;;;;;;;;;;;;;;;;;;;;;;;;;;;;;;;;;;;;;;;;;;;;;;;;;;;;;;;;;;;;;;;;;;;;;;;;;;;;;;;;;;;;;;;;;;;;;;;;;;;;;;;;;;;;;;;;;;;;;;;;;;;;;;;;;;;;;;;;;;;;;;;;;;;;;;
P22;389;370;388;365;360;344;346;291;346;381;389;400;412;391;403;368;349;324;328;283;358;394;387;389;402;378;411;375;366;359;335;284;370;401;408;416;429;398;436;403;387;382;385;323;386;398;419;436;461;416;473;420;427;406;404;369;409;442;449;463;483;425;476;430;421;396;387;311;396;438;433;443;471;417;444;434;419;412;420;383;420;478;473;480;496;449;483;457;439;431;438;342;453;492;489;469;496;468;503;495;447;452;475;382;460;505;508;482;509;509;537;486;498;469;489;393;425;501;527;514;537;490;546;489;474;472;484;411;481;532;523;517;542;500;530;505;503;493;505;429;488;544;536;500;553;508;552;514;507;490;512;426;501;550;548;524;539;539;581;514;522;518;540;437;521;565;551;538;526;478;537;498;502;482;529;439;532;559;568;571;611;530;583;538;550;520;557;453;544;579;583;568;610;544;610;551;568;553;555;483;522;598;601;582;622;590;620;595;573;555;578;507;533;550;494;457;565;502;504;500;503;472;529;442;534;567;549;528;597;546;598;567;574;518;564;464;553;591;571;547;619;568;540;548;571;542;566;498;559;499;529;519;574;543;571;514;517;514;518;459;500;541;536;503;578;521;550;496;503;473;521;459;447;560;553;531
P23;749;638;652;570;537;500;544;546;551;632;646;751;703;658;658;563;537;497;527;540;550;628;640;763;724;734;687;608;580;547;573;595;584;665;678;742;773;650;704;613;556;522;544;556;555;630;630;665;;;;;;;;;;;;;;;;;;;;;;;;;;;;;;;;;;;;;;;;;;;;;;;;;;;;;;;;;;;;;;;;;;;;;;;;;;;;;;;;;;;;;;;;;;;;;;;;;;;;;;;;;;;;;;;;;;;;;;;;;;;;;;;;;;;;;;;;;;;;;;;;;;;;;;;;;;;;;;;;;;;;;;;;;;;;;;;;;;;;;;;;;;;;;;;;;;;;;;;;;;;;;;;;;;;;;;;;;;;;;;;;;;;;
P24;432;412;399;348;344;351;386;385;345;368;418;466;462;425;408;348;326;331;375;389;365;361;375;418;390;363;364;269;269;266;300;305;266;287;213;350;371;349;360;307;289;298;336;333;293;324;376;408;408;362;370;301;298;313;354;368;325;331;357;396;414;390;349;327;295;291;345;340;274;251;272;352;408;420;607;755;395;223;306;219;248;253;449;369;;;;;;;;;;;;;;;;;;;;;;;;;;;;;;;;;;;;;;;;;;;;;;;;;;;;;;;;;;;;;;;;;;;;;;;;;;;;;;;;;;;;;;;;;;;;;;;;;;;;;;;;;;;;;;;;;;;;;;;;;;;;;;;;;;;;;;;;;;;;;;;;;;;;;;;;;;;;;;;;;;;;;;;;;;;;;;;;;;;;;;;;;;;;;;;;
P25;722;702;689;589;482;474;504;504;496;590;656;800;804;721;680;555;518;485;513;511;506;575;695;821;833;790;756;611;562;553;573;547;537;646;784;882;936;826;802;640;600;560;577;584;570;643;751;888;830;733;778;665;589;590;635;627;593;710;844;972;942;791;761;693;633;621;673;666;661;684;705;813;862;742;763;572;533;501;544;613;530;634;702;800;863;783;713;641;605;593;602;613;566;703;740;906;961;855;849;707;651;579;651;647;602;705;856;923;925;910;765;670;632;566;638;615;581;591;703;892;843;719;751;640;560;559;575;614;555;639;710;884;;;;;;;;;;;;;;;;;;;;;;;;;;;;;;;;;;;;;;;;;;;;;;;;;;;;;;;;;;;;;;;;;;;;;;;;;;;;;;;;;;;;;;;;;;;;;;;;;;;;;;;;;;;;;;;;;;;;;;;;;;;;;;;;;;;;;;;;;;;;;;;;
P26;892;788;824;723;719;684;664;686;701;765;818;916;890;771;819;697;712;693;658;696;698;761;774;840;833;774;773;707;716;680;654;688;685;865;784;771;848;755;819;735;717;655;652;670;681;748;784;807;;;;;;;;;;;;;;;;;;;;;;;;;;;;;;;;;;;;;;;;;;;;;;;;;;;;;;;;;;;;;;;;;;;;;;;;;;;;;;;;;;;;;;;;;;;;;;;;;;;;;;;;;;;;;;;;;;;;;;;;;;;;;;;;;;;;;;;;;;;;;;;;;;;;;;;;;;;;;;;;;;;;;;;;;;;;;;;;;;;;;;;;;;;;;;;;;;;;;;;;;;;;;;;;;;;;;;;;;;;;;;;;;;;;
P27;6957;6431;6586;6082;6258;6183;6241;6309;6352;6859;6711;6798;6971;6466;6763;6292;6371;6302;6434;6185;6504;6909;6742;6855;6984;6301;6827;6260;6236;6372;6295;6207;6545;6777;6933;7098;6979;6390;6866;6358;6391;6427;6533;6565;6633;6895;6912;7019;8083;7221;7765;7019;7071;7009;7076;7255;7160;7816;7790;7931;8377;7822;7985;7217;7420;7199;7325;7487;7375;7857;8089;8406;8661;7624;7903;7600;7634;7545;7717;7835;7764;8512;8334;8657;8774;7815;8636;7999;7963;7880;8065;7749;8181;8777;8768;8979;9014;8149;8837;8010;7998;7935;8346;8052;8318;8836;8979;9333;9155;8622;9075;8260;8547;8184;8282;8430;8528;9049;9196;9222;9643;8602;9326;8487;8641;8434;8628;8813;8770;9432;9333;9589;9734;8723;9319;8624;8700;8555;8691;8837;8858;9406;9433;9877;10086;8996;9398;8689;8750;8569;8730;8759;8828;9411;9487;9861;10064;9429;9849;8936;8767;8606;8714;8656;8688;9400;9620;10128;10386;9435;10106;9204;9055;9069;9179;9149;9169;9680;9814;10412;10773;9536;10289;9298;9230;9382;9033;9232;9081;9885;9919;10521;10733;9671;10423;9164;9296;9218;9231;9217;9330;9994;10106;10572;11130;9955;10723;9419;9531;9429;9350;9411;9551;10358;10523;10814;10768;9681;9959;8792;8997;8986;8775;8731;8806;9458;9850;10104;10699;9780;10132;8987;8863;8979;9061;8969;9147;10203;10506;11134;10968;9808;10334;8851;8891;9325;9305;9283;9196;10193;10610;11073;10593;9794;9947;8998;8795;9108;9156;9105;8866;9823;8892;10730;7593;9609;9760;8765;8555;8889;8973;8899;8875;9863;10176;10569
P28;14925;13063;12425;10136;9056;8152;7536;7911;8601;10542;12631;14814;13528;12355;12248;9345;8681;7830;7800;8164;8586;10111;10936;12436;13465;12667;11518;10457;9246;8327;7912;8326;9015;10988;11634;14308;14310;12492;13021;10819;9371;8105;7919;8246;8811;10523;11739;12487;;;;;;;;;;;;;;;;;;;;;;;;;;;;;;;;;;;;;;;;;;;;;;;;;;;;;;;;;;;;;;;;;;;;;;;;;;;;;;;;;;;;;;;;;;;;;;;;;;;;;;;;;;;;;;;;;;;;;;;;;;;;;;;;;;;;;;;;;;;;;;;;;;;;;;;;;;;;;;;;;;;;;;;;;;;;;;;;;;;;;;;;;;;;;;;;;;;;;;;;;;;;;;;;;;;;;;;;;;;;;;;;;;;;
P29;13198;11799;12599;10799;10070;9429;9789;9834;10322;12112;12867;13526;12924;11963;12176;10588;10149;9470;9572;9749;9948;11786;12509;13295;13461;12143;12620;10637;10062;9775;10003;10042;10595;11644;12066;12790;13222;11727;12515;10962;10034;9750;9846;9893;10426;11483;12241;13142;13079;11046;11881;10617;9761;9563;9884;9894;10422;12141;12100;13526;13429;12131;12358;11110;10347;9871;10393;10333;10575;12437;12298;13028;12520;11334;11691;10334;10039;9692;9858;9922;10043;11224;11413;12205;12115;11187;11775;10337;9980;9599;9831;9994;10211;11252;11735;12596;13314;11569;12408;10644;10339;10180;10560;10530;10724;11626;12024;12580;12949;11863;12374;11016;11108;10782;10939;11192;11288;12656;12772;13267;13452;12239;12546;11778;11001;10953;11231;11149;11546;12379;12071;12507;13009;11526;12199;10484;9923;10243;10727;10689;10893;12260;12033;12830;13404;11903;12618;11084;11313;10851;11370;11210;11402;12477;12280;13679;13218;12265;12857;11513;11574;11216;11368;11528;11645;12678;12729;13105;13222;13181;12675;11457;11307;11072;11326;11417;11322;12542;12394;12971;13486;11944;12966;11568;11259;11293;11724;11602;11576;12711;12475;12886;;;;;;;;;;;;;;;;;;;;;;;;;;;;;;;;;;;;;;;;;;;;;;;;;;;;;;;;;;;;;;;;;;;;;;;;;;;;;;;;;;;;
P30;2617;2347;2346;2114;2192;2097;2338;2028;2191;2326;2355;2505;2809;2453;2338;2230;2238;2143;2394;2079;2262;2359;2380;2485;2717;2320;2505;2268;2252;2204;2386;2095;2240;2306;2443;2564;2784;2498;2440;2275;2415;2350;2502;2263;2444;2476;2534;2698;2943;2511;2740;2417;2569;2531;2714;2499;2571;2688;2701;2872;3070;2919;2846;2553;2686;2618;2909;2523;2671;2796;2815;3069;3285;2705;2751;2698;2717;2704;2991;2627;2911;3002;2947;3167;3286;2835;3030;2909;2917;2937;3237;2905;3033;3075;3111;3452;3562;3139;3336;3009;3118;3085;3381;2996;3156;3207;3394;3637;3912;3359;3328;3211;3322;3276;3443;3225;3323;3428;3657;3722;4066;3500;3834;3341;3577;3476;3668;3395;3512;3649;3788;4183;4193;3551;3806;3539;3562;3513;3845;3381;3555;3789;3807;4026;4373;3886;3820;3540;3691;3663;3950;3654;3780;3927;3994;4333;4287;3913;4150;3666;3744;3813;4029;3626;3787;3889;4152;4513;4660;4217;4310;3823;3893;4027;4186;3854;3939;4046;4259;4643;4881;4278;4463;3736;4033;4002;4308;4006;4072;4125;4109;4684;4916;4307;4429;3978;4139;3996;4307;4013;4096;4225;4348;4825;4871;4301;4420;4188;4116;4101;4475;4028;4132;4238;4440;4860;5024;4224;4188;3945;4024;4031;4317;4105;4179;4258;4302;4800;4920;4430;4570;3994;4069;4007;4458;4225;4167;4110;4351;4905;4910;4327;4432;3887;4095;3970;4222;4002;4078;4068;4109;4399;4638;4376;4104;3825;3968;3852;4127;3874;3929;3967;4075;4325;4477;4044;4305;3856;3875;3787;4262;3944;3957;4015;4131;4491
P31;4551;4275;4482;4055;3825;3855;3995;3688;3624;4264;4365;4461;4685;4400;4514;3948;3998;3811;4041;3880;3840;4233;4571;4824;4802;4570;4843;4313;4052;3867;3903;3943;3932;4267;4604;4789;4857;4537;4786;4137;4159;4040;4188;4216;4115;4422;4691;4868;4734;4417;4659;4078;4272;4241;4541;4342;4164;4646;4912;5113;5169;4801;4795;4397;4401;4293;4527;4492;4388;4632;4624;4687;4737;4267;4474;3803;3918;3906;4115;3966;3887;4309;4464;4792;4873;4471;4727;4112;4088;4050;4224;4320;4099;4666;4591;5141;5076;4777;4925;4346;4353;4172;4343;4333;4273;4555;4871;4892;4986;4985;4751;4243;4323;4194;4568;4365;4051;4421;4649;4891;4994;4446;4664;4213;4017;4000;4186;4136;3905;4446;4416;4880;;;;;;;;;;;;;;;;;;;;;;;;;;;;;;;;;;;;;;;;;;;;;;;;;;;;;;;;;;;;;;;;;;;;;;;;;;;;;;;;;;;;;;;;;;;;;;;;;;;;;;;;;;;;;;;;;;;;;;;;;;;;;;;;;;;;;;;;;;;;;;;;
P32;3346;3010;3290;3156;3193;3274;2804;2592;2489;3111;3559;4015;3817;3458;3572;3234;2780;2634;3110;2787;2908;3207;3481;3994;3744;3378;3865;2783;3157;3499;3646;3230;3102;3318;3455;3677;3493;3465;3681;3536;3303;3042;3232;3171;3214;3269;2834;3285;3784;3595;4217;3399;3433;3253;3265;3066;2810;3182;3136;3034;4257;4172;3615;3065;2815;2713;2810;2769;2635;3075;3454;4250;4123;3660;3859;3114;2744;2718;2819;2844;2788;3248;3300;4227;;;;;;;;;;;;;;;;;;;;;;;;;;;;;;;;;;;;;;;;;;;;;;;;;;;;;;;;;;;;;;;;;;;;;;;;;;;;;;;;;;;;;;;;;;;;;;;;;;;;;;;;;;;;;;;;;;;;;;;;;;;;;;;;;;;;;;;;;;;;;;;;;;;;;;;;;;;;;;;;;;;;;;;;;;;;;;;;;;;;;;;;;;;;;;;;
P33;16221;14209;13909;11169;10631;9647;9062;9662;10278;12090;13762;16450;15015;13994;13690;10870;10477;9424;9020;9698;10178;11603;11818;13435;14577;14303;12741;11661;10510;9791;8997;9652;10175;11984;12446;15159;15305;13453;14497;11795;10094;9140;8839;9535;10025;11405;12381;13107;;;;;;;;;;;;;;;;;;;;;;;;;;;;;;;;;;;;;;;;;;;;;;;;;;;;;;;;;;;;;;;;;;;;;;;;;;;;;;;;;;;;;;;;;;;;;;;;;;;;;;;;;;;;;;;;;;;;;;;;;;;;;;;;;;;;;;;;;;;;;;;;;;;;;;;;;;;;;;;;;;;;;;;;;;;;;;;;;;;;;;;;;;;;;;;;;;;;;;;;;;;;;;;;;;;;;;;;;;;;;;;;;;;;
P34;1129;1035;1160;999;838;1035;1042;790;848;900;904;967;937;832;904;846;878;876;893;857;912;964;989;1032;1043;936;1002;868;1307;922;909;889;945;983;1002;1017;1043;925;1031;940;946;602;952;918;949;1012;1037;1083;1104;972;917;1027;1000;1014;1034;974;1040;1107;1087;1117;1163;1080;1128;1051;1027;1060;1071;1009;960;1138;1130;1205;1159;1089;1206;1076;1070;1055;1131;1037;1038;1144;1166;1186;1109;1043;1142;1029;1044;1052;1055;1000;1060;1115;1133;985;1217;1091;1175;1004;1067;1093;1117;1022;1093;1139;1154;1159;1183;1064;1166;1043;1114;1108;1121;1073;1099;1150;1155;1172;1147;1071;1113;1033;1031;1029;1054;998;1037;1105;1062;1006;1058;941;976;825;872;885;934;899;936;987;1004;1020;1080;988;1049;938;992;987;1036;961;981;1061;1044;1131;952;1048;1125;994;1058;1058;1036;1033;1040;1059;1081;1074;1139;1131;1067;980;1018;1023;1050;1026;1018;1038;1048;1101;1163;1071;1116;1004;991;989;1038;1013;1029;1094;1061;1101;;;;;;;;;;;;;;;;;;;;;;;;;;;;;;;;;;;;;;;;;;;;;;;;;;;;;;;;;;;;;;;;;;;;;;;;;;;;;;;;;;;;
P35;2567;2316;2502;2087;1977;1849;1849;1813;1885;2214;2464;2629;2520;2342;2357;2024;1942;1828;1856;1817;1802;2177;2410;2580;2615;2360;2411;2003;1897;1882;1878;1887;1920;2131;2239;2430;2511;2240;2347;2088;1895;1883;1874;1877;1976;2169;2379;2568;2576;2239;2321;2090;1942;1896;1946;1907;1990;2322;2337;2572;2603;2367;2401;2108;1916;1883;1936;1928;1946;2382;2377;2537;2591;2394;2417;2054;1998;1910;1958;1944;1993;2216;2325;2503;2494;2350;2419;2082;2031;1934;1922;1912;1960;2222;2404;2553;2623;2377;2504;2168;2110;2070;2082;2064;2057;2252;2399;2502;2556;2297;2434;2159;2177;2089;2102;2073;2175;2397;2498;2624;2637;2419;2478;2262;2220;2103;2141;2078;2191;2370;2348;2388;2468;2262;2317;1888;1905;1872;1961;1951;1981;2230;2247;2354;2472;2287;2388;2106;2087;2027;2061;2010;2062;2307;2280;2549;2547;2340;2408;2112;2119;2021;2046;2074;2050;2283;2365;2415;2475;2471;2355;2115;2097;2060;2091;2079;2063;2304;2301;2431;2487;2251;2424;2155;2119;2033;2080;2094;2095;2271;2282;2360;;;;;;;;;;;;;;;;;;;;;;;;;;;;;;;;;;;;;;;;;;;;;;;;;;;;;;;;;;;;;;;;;;;;;;;;;;;;;;;;;;;;
